Map name,Tier,Type,Stages/Cps,Bonuses
surf_ace,1,Staged-Linear,8,1
surf_aircontrol_ksf,1,Linear,6,2
surf_akai_final,1,Linear,3,0
surf_and_destroy_fix,1,Linear,4,2
surf_andromeda,1,Linear,3,1
surf_apollo,1,Linear,4,6
surf_artois,1,Staged,5,5
surf_aser,1,Staged-Linear,6,0
surf_aura,1,Staged,6,8
surf_awp_sk337_v3,1,Linear,4,0
surf_beginner,1,Staged,7,0
surf_benevolent_refix,1,Staged,7,1
surf_beyond,1,Staged,10,2
surf_beyond2,1,Staged,5,2
surf_borderlands,1,Staged,7,0
surf_boreas,1,Linear,3,0
surf_botanica,1,Staged,4,6
surf_calycate_ksf,1,Linear,3,1
surf_calycate2,1,Linear,3,1
surf_calzone,1,Staged,4,1
surf_chaos_fix,1,Staged,3,1
surf_deathstar,1,Staged-Linear,6,0
surf_demise,1,Linear,3,1
surf_derpis_ksf,1,Staged,6,0
surf_egypt2,1,Linear,3,1
surf_enlightened_ksf,1,Linear,3,3
surf_flow_ksf,1,Linear,3,2
surf_forbidden_ways_ksf,1,Linear,7,1
surf_forgotten,1,Linear,3,6
surf_fornax,1,Linear,3,7
surf_frost,1,Linear,3,8
surf_funhouse_v1,1,Linear,4,0
surf_garden,1,Staged,10,3
surf_hourglass,1,Linear,3,0
surf_kepler,1,Staged-Linear,9,2
surf_kitsune,1,Staged,9,0
surf_lament_ksf,1,Linear,4,1
surf_leet_xl_beta7z,1,Linear,2,0
surf_legends,1,Linear,5,0
surf_lessons,1,Staged,7,3
surf_listless_ksf,1,Staged,9,5
surf_lovetunnel,1,Linear,3,0
surf_lux,1,Linear,4,0
surf_me,1,Staged,5,4
surf_mesa_fixed,1,Linear,4,0
surf_minuet_ksf,1,Linear,4,0
surf_mom_fix,1,Staged,6,1
surf_network2008_final,1,Linear,4,1
surf_nuclear,1,Staged,2,2
surf_nyx,1,Linear,3,3
surf_pantheon,1,Linear,4,3
surf_perennial,1,Staged,2,3
surf_pox,1,Linear,3,0
surf_prelude_fix,1,Linear,4,0
surf_prime_time_r3vamp,1,Staged,2,0
surf_rebel_resistance_final3,1,Linear,3,0
surf_rebel_scaz_ksf,1,Linear,3,1
surf_satellite_fix,1,Linear,3,0
surf_school_fix,1,Staged-Linear,10,1
surf_summit,1,Linear,4,3
surf_sundown,1,Linear,5,0
surf_tendies,1,Linear,5,3
surf_trance,1,Linear,5,1
surf_utopia_njv,1,Linear,4,0
surf_void,1,Linear,3,0
surf_water_run_ksf,1,Staged,4,1
surf_whiteout,1,Staged,6,1
surf_year3000,1,Staged,2,0
surf_zoomathon,1,Linear,8,0
surf_zor,1,Linear,3,1
surf_004_fix,2,Linear,4,0
surf_4head,2,Linear,4,4
surf_6,2,Linear,3,1
surf_81st_network,2,Staged-Linear,5,1
surf_8bit,2,Staged,3,1
surf_abandoned,2,Linear,6,4
surf_activation,2,Staged-Linear,4,4
surf_aeron,2,Linear,3,1
surf_aether,2,Linear,5,0
surf_agony,2,Linear,4,1
surf_amplitude_encore,2,Linear,6,0
surf_amplitude_light,2,Linear,4,0
surf_annoyance_njv,2,Staged,8,0
surf_anoobis,2,Staged,3,10
surf_anzchamps,2,Staged-Linear,8,1
surf_aqua_fix,2,Linear,4,1
surf_aquaflow,2,Linear,3,0
surf_arcade,2,Staged,6,1
surf_ardon_fix,2,Linear,3,6
surf_autumn_fix,2,Staged,5,2
surf_beginner2,2,Staged,7,4
surf_believe,2,Staged,4,3
surf_beverages_remix,2,Staged,8,3
surf_bluewall_v2,2,Staged,4,3
surf_boring,2,Staged,16,0
surf_cavemissile_fix,2,Linear,4,4
surf_classics,2,Staged,10,0
surf_classics2,2,Staged,9,0
surf_commune_beta11,2,Staged,9,0
surf_crzyfrog_reloaded,2,Staged,3,0
surf_cyberwave,2,Staged,2,1
surf_deadline,2,Staged,4,2
surf_delight,2,Linear,4,3
surf_delusional,2,Staged,8,0
surf_destruction,2,Staged-Linear,4,0
surf_devs_ksf,2,Staged,10,3
surf_domain,2,Linear,4,2
surf_doodles_njv,2,Staged,9,1
surf_dragon,2,Linear,4,1
surf_driftless,2,Linear,4,1
surf_duggywuggy,2,Linear,4,1
surf_ebony,2,Linear,5,4
surf_echo,2,Linear,3,3
surf_eclipse,2,Staged,3,0
surf_eggplant,2,Linear,4,3
surf_elements_beta3,2,Staged,6,1
surf_elites_v2,2,Linear,3,1
surf_epicube,2,Linear,4,2
surf_ethereal,2,Staged,3,2
surf_everdark,2,Linear,3,0
surf_exocube,2,Staged,5,0
surf_exurbia_v2,2,Staged,5,1
surf_faint_fix,2,Linear,4,2
surf_flyin_fortress_fix,2,Linear,3,1
surf_fortum_fix,2,Staged,5,2
surf_frey_remake,2,Staged,3,2
surf_funhouse2,2,Linear,4,7
surf_glass7_ksf,2,Linear,4,0
surf_glass9,2,Linear,3,0
surf_gleam,2,Linear,3,2
surf_gleam2,2,Staged,4,4
surf_graphia,2,Linear,4,1
surf_grassland,2,Linear,3,0
surf_greensway,2,Linear,3,0
surf_guitar_hi,2,Linear,3,1
surf_halloween_tf2,2,Linear,7,0
surf_happyhands,2,Linear,4,2
surf_harmony_fix,2,Staged,5,3
surf_heaven_njv,2,Staged,6,1
surf_holiday,2,Staged,4,0
surf_hotwheels_fix,2,Linear,4,8
surf_hurrr,2,Linear,4,0
surf_illusion,2,Staged,10,3
surf_imex,2,Staged,5,0
surf_in_space,2,Staged-Linear,3,1
surf_indecisive,2,Linear,3,1
surf_ing,2,Linear,7,2
surf_inspire,2,Linear,4,1
surf_instantdeath,2,Linear,1,4
surf_interference,2,Linear,3,0
surf_island,2,Linear,6,0
surf_ivory,2,Linear,4,3
surf_journeys,2,Linear,3,3
surf_juturna,2,Linear,4,1
surf_kismet,2,Linear,5,2
surf_kloakk,2,Linear,4,4
surf_klue,2,Linear,3,1
surf_korn,2,Staged,4,3
surf_kvas,2,Linear,4,4
surf_kz_mix_journeys,2,Linear,6,3
surf_kz_protraining,2,Staged-Linear,16,4
surf_lies_ksf,2,Staged,5,0
surf_lockdown,2,Linear,3,2
surf_lodypreview,2,Staged,13,0
surf_lore,2,Staged,7,2
surf_lullaby_ksf,2,Linear,5,0
surf_mate,2,Linear,4,5
surf_mellow,2,Linear,4,0
surf_mesa_mine,2,Linear,6,1
surf_mwag_reloaded,2,Staged,14,5
surf_nebula,2,Linear,4,3
surf_network_2009,2,Linear,4,0
surf_noble,2,Staged,5,1
surf_not_so_disaster,2,Linear,4,5
surf_not_so_sinister_ksf,2,Staged,5,3
surf_nova,2,Linear,4,3
surf_ny_momentum_v3_1,2,Linear,3,0
surf_ny_platinum,2,Staged,6,1
surf_ny_superhappiest_b3,2,Staged,4,0
surf_odyssey,2,Linear,4,0
surf_orthodox,2,Staged,16,4
surf_palais,2,Linear,4,0
surf_palm,2,Linear,4,2
surf_papertown,2,Linear,3,5
surf_pathfinder,2,Linear,5,0
surf_premium,2,Staged,8,2
surf_presmon_fix,2,Staged,6,0
surf_progress_fix,2,Staged-Linear,5,0
surf_psycho,2,Staged,6,2
surf_quirky,2,Linear,3,9
surf_ravine,2,Linear,4,0
surf_reprise,2,Linear,4,2
surf_rez,2,Staged,6,2
surf_rocco_v2,2,Linear,3,3
surf_rookie,2,Staged,18,0
surf_sanctuary,2,Staged,5,3
surf_sandtrap,2,Linear,3,3
surf_sandtrap2,2,Linear,4,4
surf_saturday,2,Linear,4,2
surf_seaworld_fix,2,Linear,3,0
surf_semesterbreak,2,Linear,3,2
surf_simpsons_source,2,Staged,10,4
surf_skipalot,2,Linear,4,4
surf_slob,2,Staged,7,1
surf_spacejam,2,Staged,6,1
surf_spooky,2,Linear,3,0
surf_squirrelsonvacation,2,Linear,4,1
surf_stonks,2,Staged,2,2
surf_summer_ksf,2,Staged,11,1
surf_sunnyhappylove,2,Staged,4,0
surf_syria,2,Staged,8,0
surf_tensile_njv,2,Linear,5,0
surf_the_gloaming,2,Linear,4,0
surf_tomb_redone,2,Linear,4,0
surf_tranquil,2,Linear,4,3
surf_tuscany,2,Staged,8,4
surf_twilight_njv,2,Linear,5,2
surf_verge,2,Linear,3,0
surf_waterworks,2,Linear,4,0
surf_wood,2,Linear,4,1
surf_zbig_ksf,2,Staged,7,2
surf_zealand,2,Linear,4,2
surf_zenith,2,Linear,4,1
surf_1day,3,Staged,11,1
surf_2012_beta12,3,Staged,6,1
surf_a,3,Staged,5,0
surf_abstinens,3,Staged,5,0
surf_acp_fix,3,Staged,9,0
surf_adtr_njv,3,Staged,4,1
surf_amateur_v2b,3,Staged,6,1
surf_amplitude_apex,3,Staged,3,0
surf_animals_ksf,3,Staged,11,1
surf_anthropomorphic,3,Staged,10,1
surf_arghmyeyes_retexture,3,Linear,5,0
surf_asrown,3,Staged-Linear,2,1
surf_ataque_final,3,Staged,6,0
surf_auroria_ksf,3,Staged,6,1
surf_awakening,3,Staged,4,1
surf_b_r_o_x_x_x,3,Staged,5,0
surf_banger,3,Staged,11,1
surf_bbb,3,Staged,6,2
surf_be_gentle,3,Staged,4,2
surf_blackout,3,Linear,6,0
surf_bluewinter,3,Linear,4,1
surf_bnw_njv,3,Linear,5,1
surf_bob,3,Staged,11,1
surf_bork_nbv,3,Staged,7,1
surf_bumpybusride,3,Staged,3,1
surf_calamity_njv,3,Staged,5,0
surf_canisius,3,Staged,5,0
surf_canisius2_fix,3,Staged,5,0
surf_cartoon,3,Staged,5,1
surf_christmas,3,Staged,9,2
surf_christmas2,3,Staged,9,1
surf_christmas3,3,Staged,8,1
surf_collection_njv,3,Staged,8,0
surf_color_fix,3,Staged,6,1
surf_commune_again_beta5,3,Staged,7,0
surf_compact,3,Staged,5,0
surf_compulsive_njv,3,Staged,4,0
surf_concept,3,Staged,7,0
surf_cookiejar,3,Linear,4,0
surf_coralis_ksf,3,Linear,4,2
surf_cosmo,3,Linear,4,2
surf_creation,3,Staged,5,1
surf_crystal,3,Staged,6,2
surf_cubic_ksf,3,Staged,28,0
surf_cyka_ksf,3,Staged,4,2
surf_deceptive_final,3,Staged,5,1
surf_depressing,3,Staged,12,0
surf_depths,3,Linear,6,1
surf_destiny_fixed,3,Linear,4,0
surf_deteriorate,3,Linear,3,0
surf_dhyana,3,Staged,5,2
surf_diminsion,3,Linear,4,2
surf_distraction_v2,3,Staged,5,1
surf_diverge,3,Staged,5,1
surf_dusk,3,Staged,6,1
surf_dynasty,3,Linear,3,1
surf_ecosystem,3,Linear,5,0
surf_elixor,3,Staged,9,0
surf_ember,3,Staged,5,0
surf_entropy_finalv2,3,Staged,5,0
surf_epic,3,Staged,7,1
surf_eunoia,3,Linear,4,3
surf_executioner,3,Linear,5,2
surf_exogenesis,3,Linear,3,1
surf_extremex,3,Staged,8,0
surf_exurbia2,3,Linear,5,1
surf_exxak,3,Staged,5,0
surf_ezclap,3,Staged,5,1
surf_fantasy,3,Staged,4,0
surf_fast,3,Staged,4,3
surf_fiellu_ksf,3,Linear,4,4
surf_flatliners,3,Linear,4,1
surf_fractal,3,Staged,5,2
surf_frequency_njv,3,Linear,5,2
surf_frey2_ksf,3,Linear,3,2
surf_friday,3,Staged,6,1
surf_froots_ksf,3,Staged,18,8
surf_fruits,3,Staged,10,1
surf_fruits2,3,Staged,16,1
surf_furios,3,Staged,6,0
surf_globalchaos,3,Staged,3,1
surf_golden_refix,3,Linear,7,3
surf_happyhands2,3,Linear,3,4
surf_happyhands3,3,Linear,4,3
surf_happyhands4,3,Linear,6,2
surf_happyhands5,3,Linear,5,2
surf_healthy,3,Staged,10,1
surf_helium_fix,3,Staged,6,0
surf_hellenic,3,Linear,3,1
surf_hob,3,Linear,4,2
surf_huh,3,Linear,3,6
surf_iceworld,3,Linear,4,1
surf_imagine_fix,3,Staged,7,0
surf_impact,3,Staged,6,0
surf_industries,3,Linear,5,0
surf_inner,3,Linear,6,0
surf_inrage,3,Linear,3,0
surf_insideout_final,3,Linear,4,0
surf_jaqen2,3,Linear,5,3
surf_jenocide,3,Staged,5,1
surf_kaaba,3,Staged,4,1
surf_kawaii,3,Staged,4,0
surf_kitsune2,3,Staged-Linear,12,4
surf_krow10,3,Linear,4,1
surf_leesriize_ksf,3,Staged,3,4
surf_liberation,3,Staged,7,1
surf_liberation2,3,Staged,7,2
surf_life_of_cow,3,Staged,5,2
surf_lighthouse,3,Staged,4,0
surf_like_this,3,Linear,6,4
surf_lithium,3,Staged,5,1
surf_lolrevlis2,3,Linear,3,1
surf_lost,3,Staged,4,4
surf_lost2,3,Staged,4,4
surf_low_production,3,Staged,3,2
surf_luminaris_refix,3,Staged,3,6
surf_marbleblast_intermediate,3,Linear,5,1
surf_mash-up,3,Staged,20,0
surf_masonry,3,Staged,2,0
surf_meme,3,Staged,9,2
surf_mesa_aether,3,Linear,7,0
surf_methadone,3,Staged,5,1
surf_midsommar,3,Staged,3,4
surf_milkyway,3,Linear,4,0
surf_minigolf_ksf,3,Staged,7,2
surf_minimumwage,3,Staged-Linear,6,1
surf_missing_no,3,Linear,5,0
surf_morbid,3,Staged,6,0
surf_mushroom_ksf,3,Linear,5,1
surf_mynah_final,3,Staged,4,0
surf_nac,3,Staged,4,2
surf_network_2013,3,Linear,4,0
surf_networked,3,Linear,4,0
surf_not_quite_goliath,3,Linear,3,0
surf_not_so_generated,3,Staged,10,3
surf_ny_advance,3,Staged,10,0
surf_ny_momentum2_ksf,3,Linear,8,1
surf_oasis,3,Staged,10,2
surf_ofrenda,3,Linear,4,6
surf_ofsfice,3,Linear,3,1
surf_olympics,3,Staged,7,0
surf_omnibus,3,Staged,11,0
surf_oompa_loompa,3,Linear,4,0
surf_oompa2,3,Linear,4,1
surf_ori_l,3,Linear,7,0
surf_outside,3,Staged,10,5
surf_pagoda,3,Linear,3,3
surf_palette_fix,3,Staged,9,0
surf_pandemonium_njv,3,Staged,5,2
surf_pandora,3,Linear,4,0
surf_paranoid_enigma,3,Staged,5,0
surf_parc_colore,3,Staged,6,4
surf_parrot_selector,3,Linear,5,0
surf_pavilion,3,Staged,5,0
surf_perforated_restored,3,Staged,5,0
surf_petrus,3,Linear,4,0
surf_placid,3,Linear,4,1
surf_plaguelands_beta7a,3,Staged,6,1
surf_plethora_fix,3,Linear,3,0
surf_porn_fix,3,Linear,5,0
surf_portal_game4,3,Staged,6,0
surf_prevail,3,Linear,3,1
surf_prismatic_ksf,3,Linear,3,1
surf_prosaic,3,Staged,5,0
surf_proximity_final,3,Staged,6,1
surf_psi_fixed,3,Staged,3,0
surf_psychedelia,3,Linear,3,1
surf_purgatory,3,Staged,6,0
surf_quantum_njv,3,Linear,4,0
surf_quasar_final,3,Staged,4,1
surf_queen_of_the_ween,3,Linear,3,3
surf_quilavar,3,Linear,4,0
surf_rapid,3,Staged,5,1
surf_razer_final,3,Staged,4,0
surf_reactor,3,Linear,4,0
surf_resort,3,Linear,5,0
surf_retroartz,3,Linear,4,0
surf_ripper,3,Staged,4,1
surf_roman_v2,3,Linear,3,1
surf_s_t_a_t_i_o_n,3,Staged,7,0
surf_sandbrick,3,Staged,5,0
surf_sanding_ksf,3,Staged,6,0
surf_sandstorm2,3,Staged,4,1
surf_sanguine,3,Staged-Linear,6,1
surf_santorini2,3,Linear,5,1
surf_scarlet_ksf,3,Linear,4,4
surf_sci_fi,3,Staged,3,0
surf_seaside,3,Staged,7,3
surf_second,3,Linear,4,1
surf_sequoia_fix,3,Staged,3,2
surf_serenity,3,Staged,3,3
surf_sinner_ksf,3,Staged,3,4
surf_sinsane_ez,3,Linear,5,1
surf_sirius,3,Linear,5,3
surf_sketchy,3,Linear,3,3
surf_sky_ages,3,Staged,4,0
surf_slob2_fix,3,Staged,7,0
surf_slobs,3,Staged,16,2
surf_smaragd_fix,3,Staged,6,0
surf_smile_njv,3,Staged,5,0
surf_spaceship_ksf,3,Linear,6,3
surf_spectrum_njv,3,Staged,5,0
surf_stagejuan_ksf,3,Linear,8,3
surf_static,3,Staged,7,1
surf_stick,3,Staged,6,0
surf_stickybutt_alpha,3,Linear,5,1
surf_stonework2,3,Linear,4,1
surf_strafe,3,Linear,3,0
surf_subway,3,Linear,4,3
surf_swagtoast,3,Staged,9,1
surf_sylvan,3,Linear,5,1
surf_take1,3,Linear,4,1
surf_tempest,3,Linear,4,3
surf_tempest2,3,Linear,5,2
surf_tenacious,3,Staged,4,0
surf_the_internet,3,Staged,12,2
surf_thembrium_njv,3,Staged,5,1
surf_theunexpected,3,Linear,4,3
surf_threnody,3,Staged,3,2
surf_togo,3,Linear,4,1
surf_torque,3,Staged,4,2
surf_torque2,3,Staged,4,2
surf_tron_njv,3,Linear,4,0
surf_tronia_refix,3,Staged,4,4
surf_two_colour,3,Staged,6,0
surf_ultimatum,3,Staged,6,0
surf_undergrowth,3,Linear,4,3
surf_unraveled,3,Staged-Linear,9,1
surf_vale,3,Staged,4,1
surf_vale2,3,Staged,5,1
surf_vegetables,3,Staged,10,1
surf_velocity,3,Staged,6,1
surf_voteforthisone,3,Staged,8,2
surf_wasteland,3,Staged,3,3
surf_wasteland2,3,Staged,3,5
surf_whoknows_ksf,3,Linear,5,1
surf_wicked,3,Staged,3,3
surf_wizard,3,Staged,5,3
surf_yellow,3,Linear,4,4
surf_zbig2,3,Staged,7,2
surf_zeitgeist,3,Staged,12,4
surf_zion,3,Staged,5,0
surf_zoomboys,3,Linear,5,2
surf_25_lighters,4,Linear,5,3
surf_4dimensional,4,Staged-Linear,3,1
surf_adrift_fix,4,Linear,5,1
surf_adventure_final,4,Linear,7,7
surf_airflow,4,Staged,6,1
surf_alend,4,Linear,4,0
surf_ambient_njv,4,Linear,5,0
surf_angst,4,Linear,5,3
surf_antimatter_v2,4,Staged,6,0
surf_anything,4,Staged,2,2
surf_apollonian,4,Staged,9,0
surf_artifex,4,Staged,4,1
surf_auroria2,4,Staged,7,1
surf_aux,4,Staged,2,2
surf_axil,4,Staged,3,2
surf_axiom,4,Linear,3,4
surf_banana_fix,4,Staged,4,3
surf_barbies_malibu_adventure,4,Staged,5,9
surf_beginner_hell,4,Staged,7,1
surf_beyer,4,Linear,7,1
surf_beyer2,4,Linear,7,5
surf_blackside,4,Staged,5,0
surf_blub,4,Staged,5,0
surf_bonk,4,Staged,5,2
surf_brodderlands,4,Staged,5,1
surf_calamity2,4,Staged,5,0
surf_calibration,4,Linear,7,1
surf_cannonball,4,Linear,5,2
surf_catalyst,4,Linear,5,0
surf_catalyst2,4,Linear,4,0
surf_cement,4,Staged,6,7
surf_chasm,4,Linear,5,4
surf_chateau_fix,4,Linear,4,3
surf_collaboration,4,Staged,8,0
surf_commune_too_beta5,4,Staged,7,2
surf_compulsive_njv_h,4,Staged,4,0
surf_concretejungle_fix,4,Staged,6,5
surf_consistenza_diversa,4,Staged,7,2
surf_constrictor_remix,4,Linear,4,1
surf_construction,4,Staged,3,1
surf_cordelia,4,Staged,3,0
surf_cozy,4,Staged,2,0
surf_curious,4,Linear,4,0
surf_cyanide,4,Linear,4,0
surf_delta,4,Staged,5,2
surf_desolate,4,Staged-Linear,4,3
surf_discovery,4,Staged,5,0
surf_divided_fix,4,Staged,5,0
surf_drifting,4,Staged-Linear,5,1
surf_dynamics_fixed,4,Linear,4,1
surf_efficacy,4,Linear,4,3
surf_ember2,4,Staged,6,2
surf_endeavour,4,Staged,3,2
surf_epithet,4,Linear,3,2
surf_eryr,4,Staged,4,3
surf_eternal_beta,4,Staged,2,0
surf_euphoria,4,Staged,2,0
surf_exclave_fix,4,Linear,4,0
surf_fabas,4,Staged,5,4
surf_facility,4,Linear,4,4
surf_finesse_final,4,Staged,6,0
surf_fire_eye,4,Linear,2,0
surf_forbidden_tomb,4,Staged,8,0
surf_forbidden_tomb2,4,Staged,8,0
surf_forbidden_tomb3,4,Staged,8,0
surf_forbidden_tomb4,4,Linear,7,0
surf_fortress_ksf,4,Staged,6,6
surf_freedom,4,Staged,5,0
surf_fuckyall,4,Staged,3,1
surf_fungus,4,Linear,5,5
surf_gauntlet_final,4,Linear,3,0
surf_gekar,4,Staged,4,2
surf_ghost_busters,4,Staged,16,1
surf_goldarn,4,Linear,5,1
surf_greenhouse,4,Linear,5,1
surf_grotto,4,Staged,6,3
surf_halloween_fix,4,Staged,5,2
surf_happyhug,4,Staged,16,4
surf_hektik,4,Linear,4,5
surf_hope,4,Staged,3,1
surf_hydrogen,4,Linear,5,0
surf_hyper,4,Staged,5,1
surf_hyper2,4,Staged,5,1
surf_illumination,4,Linear,6,6
surf_illumination2,4,Staged,6,3
surf_infected,4,Linear,4,0
surf_inferno,4,Linear,4,2
surf_infrared,4,Staged,6,5
surf_injection_njv,4,Staged,7,1
surf_inrage2,4,Linear,4,1
surf_insignia_b1,4,Staged,5,0
surf_intense_ksf,4,Staged,4,2
surf_interceptor,4,Staged,5,0
surf_ixtab,4,Staged,6,1
surf_jagerbomb,4,Staged,4,2
surf_jaqen,4,Linear,4,3
surf_jive,4,Linear,4,2
surf_jizznipples,4,Staged,5,0
surf_junglespic_ksf,4,Linear,6,0
surf_kalium,4,Staged,3,1
surf_koa,4,Linear,4,1
surf_lab,4,Linear,5,2
surf_lax,4,Staged,7,3
surf_lepidus,4,Staged,7,1
surf_limbo,4,Linear,6,2
surf_lithium2,4,Staged,5,0
surf_loves_spliff,4,Staged,7,1
surf_loweffort,4,Staged,5,1
surf_lt_unicorn,4,Staged-Linear,6,4
surf_medley_fix,4,Staged,7,4
surf_memories,4,Staged,5,2
surf_mephobia_final,4,Staged,6,1
surf_metalwall,4,Linear,4,0
surf_monotony_ksf,4,Staged,5,2
surf_morbid2,4,Staged,6,2
surf_mudkip,4,Linear,5,5
surf_nemesis,4,Linear,5,2
surf_neoplasma_ksf,4,Staged,6,2
surf_neoteric_retexture,4,Staged,5,4
surf_nikolo,4,Linear,3,0
surf_nocturn,4,Staged,5,2
surf_not_so_quick,4,Staged,4,6
surf_oddworld,4,Staged,6,2
surf_orbion,4,Staged,6,0
surf_outra,4,Linear,4,3
surf_overgrowth,4,Staged,5,2
surf_overgrowth2,4,Staged,5,2
surf_pancake,4,Linear,4,1
surf_paradigm,4,Linear,4,3
surf_parrot_selector_h,4,Linear,5,0
surf_pogchamp,4,Staged,4,0
surf_polygon,4,Staged,4,4
surf_proliferation,4,Staged,5,2
surf_prolix_fix,4,Linear,4,0
surf_prosperity_v2,4,Staged,7,0
surf_pure,4,Staged,7,0
surf_pyzire_fix,4,Linear,4,4
surf_qlimax_q,4,Staged,6,0
surf_quarantine,4,Staged,15,2
surf_quartus_ksf,4,Linear,7,0
surf_quattro,4,Staged,4,0
surf_quickie_fix,4,Linear,3,5
surf_ragequit,4,Staged,6,0
surf_rands,4,Staged-Linear,8,3
surf_redemption_b1,4,Staged,4,0
surf_refraxis,4,Staged,8,2
surf_resource,4,Staged,4,4
surf_rez2,4,Staged,5,4
surf_rst,4,Staged,4,1
surf_rubiks_cube,4,Staged,5,2
surf_runewords,4,Staged,4,4
surf_runewords2,4,Staged,4,6
surf_runewords2_lod,4,Linear,5,6
surf_rustic_v2,4,Staged-Linear,2,1
surf_sacrifice,4,Staged,3,1
surf_sandman_v2,4,Staged,5,0
surf_savant_njv,4,Staged,7,1
surf_sc_colours,4,Staged,9,1
surf_sc_essence_v2,4,Staged,10,1
surf_secluded,4,Staged,5,4
surf_sempar_njv,4,Staged,6,1
surf_sensation_fix,4,Staged,4,0
surf_sentient,4,Linear,4,1
surf_serenity2,4,Staged,3,5
surf_sewers,4,Linear,5,0
surf_sexplizooimed,4,Staged,7,1
surf_sexyartz_njv,4,Linear,7,0
surf_sh,4,Staged,4,0
surf_shady_h,4,Linear,4,0
surf_shambles,4,Linear,4,3
surf_sippysip,4,Linear,5,2
surf_skill8,4,Linear,4,0
surf_sluice_final,4,Linear,6,5
surf_sluice2,4,Linear,7,4
surf_stonework,4,Staged,7,0
surf_sunday,4,Staged,3,3
surf_sunset,4,Staged,6,1
surf_sunset2_fix,4,Staged,6,1
surf_symbiosis,4,Linear,5,0
surf_synada,4,Linear,5,3
surf_taq,4,Staged,3,0
surf_techsune_css,4,Linear,4,1
surf_tensor,4,Staged,9,0
surf_tequila,4,Linear,3,4
surf_theme,4,Staged,9,3
surf_this_njv,4,Linear,3,0
surf_trapped2,4,Staged,6,2
surf_triggered_fix,4,Staged,5,0
surf_trihard,4,Staged,6,2
surf_tundra_v2,4,Staged,3,1
surf_ultimate_fix,4,Staged,5,0
surf_underworld,4,Linear,4,0
surf_unreal_njv,4,Linear,5,0
surf_vector_final,4,Staged,4,1
surf_vienna,4,Linear,3,5
surf_volcanic,4,Linear,4,1
surf_warped,4,Linear,4,3
surf_wazor_ksf,4,Staged,5,0
surf_whoknows2,4,Linear,6,1
surf_whoknows3,4,Linear,5,0
surf_x,4,Staged,8,0
surf_y,4,Staged,24,3
surf_zeonine,4,Staged,4,2
surf_acerbus,5,Staged,6,0
surf_again_njv,5,Linear,5,0
surf_android_ksf,5,Staged,7,3
surf_antimatter2,5,Staged,5,5
surf_aphelion,5,Linear,4,6
surf_assail,5,Linear,4,4
surf_brutalist,5,Staged,4,1
surf_castlewalls,5,Staged,6,2
surf_celestial,5,Linear,3,3
surf_cinnamon_fix,5,Linear,4,3
surf_clavius,5,Staged,6,0
surf_conserve,5,Linear,4,0
surf_core_refix,5,Staged,6,2
surf_crush,5,Linear,4,1
surf_damn,5,Linear,5,2
surf_damnation,5,Linear,4,3
surf_diamond_beta1,5,Staged,4,1
surf_dionysus,5,Linear,3,0
surf_disneyland,5,Staged,7,0
surf_dova,5,Linear,3,2
surf_drift,5,Staged-Linear,3,0
surf_edge,5,Linear,7,3
surf_elysium,5,Staged,4,1
surf_elysium2,5,Staged,4,1
surf_elysium3,5,Staged,4,2
surf_elysium4,5,Staged,4,3
surf_entropy_hardmode,5,Staged,5,0
surf_eon_fix,5,Linear,3,3
surf_eryr2_fix,5,Staged,4,3
surf_exocube_h,5,Staged,5,0
surf_extremex2_5,5,Staged,6,2
surf_forsaken,5,Linear,4,2
surf_freaky,5,Staged,6,0
surf_froots2,5,Staged,20,4
surf_gary_barlow,5,Staged,2,2
surf_germania,5,Staged,6,2
surf_grid_ksf,5,Staged,9,4
surf_gurus_fix,5,Staged,7,0
surf_helloworld,5,Staged,5,3
surf_hero,5,Staged,4,5
surf_highlands,5,Staged,5,4
surf_hollow,5,Linear,3,2
surf_infamous_ksf,5,Staged,5,1
surf_infected_h,5,Linear,4,0
surf_intra,5,Linear,7,0
surf_izded,5,Staged,4,3
surf_kairo,5,Linear,7,6
surf_kalium2,5,Linear,7,0
surf_legendary,5,Staged,7,0
surf_loentra,5,Linear,4,2
surf_lolrevlis,5,Staged,9,1
surf_lowestbidder,5,Linear,4,1
surf_map_njv,5,Linear,5,1
surf_mdrn,5,Linear,3,4
surf_metallic,5,Staged,5,0
surf_minecraft_fix,5,Linear,5,2
surf_misc,5,Staged,7,0
surf_nesquik,5,Staged,6,6
surf_nightmare,5,Staged,6,1
surf_nostromo,5,Linear,5,2
surf_nyze,5,Staged,5,2
surf_our,5,Linear,4,4
surf_polonia,5,Staged,5,2
surf_polytron,5,Linear,4,1
surf_primero_fix,5,Linear,5,1
surf_remeanian,5,Staged,2,10
surf_revolution_fix,5,Staged,5,3
surf_rewind,5,Staged,6,4
surf_salient,5,Staged,4,2
surf_salient2,5,Staged,4,2
surf_salvation,5,Linear,4,2
surf_selenka,5,Staged,4,2
surf_seraph,5,Linear,4,1
surf_shoria,5,Staged,5,1
surf_skill8_h,5,Linear,4,0
surf_smol,5,Staged,5,5
surf_stitched,5,Staged,2,2
surf_stonework3,5,Staged,7,0
surf_strike,5,Staged,6,1
surf_technique,5,Staged,7,5
surf_the_distance,5,Linear,9,3
surf_timewarp,5,Staged,5,0
surf_transient,5,Staged,9,1
surf_trapped,5,Staged,6,2
surf_treefort,5,Staged,8,0
surf_tronic_njv,5,Linear,4,2
surf_tycho_fix,5,Staged,4,4
surf_unreal2,5,Staged,3,2
surf_z,5,Staged,5,1
surf_666,6,Staged,6,6
surf_amaro,6,Linear,5,1
surf_autonomy,6,Staged,4,1
surf_bugs,6,Staged,4,6
surf_chungus_fungus,6,Staged,14,6
surf_crimson,6,Linear,5,3
surf_crush2,6,Linear,5,1
surf_diet_mountain_dew,6,Linear,3,2
surf_disaster,6,Linear,5,2
surf_embrace,6,Linear,6,6
surf_epiphany,6,Staged,3,4
surf_exile,6,Staged,5,0
surf_feudal,6,Staged,5,0
surf_garden_h,6,Staged,10,3
surf_gloomy,6,Staged,6,4
surf_hades,6,Staged,7,2
surf_hades2,6,Staged,6,5
surf_innokia,6,Staged,5,4
surf_jumble,6,Staged,2,4
surf_jusched_beta1,6,Linear,5,0
surf_kultur,6,Staged,6,6
surf_looksmodern,6,Staged,5,0
surf_lt_omnific,6,Staged-Linear,18,3
surf_map_h,6,Linear,5,0
surf_marah,6,Linear,5,0
surf_north,6,Staged,5,4
surf_offskill,6,Staged,4,1
surf_perihelion,6,Linear,5,4
surf_replicant,6,Staged,4,1
surf_royal_fix,6,Staged,5,0
surf_sinister_evil,6,Staged,5,2
surf_sinister2,6,Staged,5,2
surf_sinsane_ksf,6,Linear,4,1
surf_solace,6,Staged,5,3
surf_spectra,6,Linear,7,2
surf_stonework4,6,Staged,7,0
surf_syria_again,6,Staged,8,0
surf_thesteve,6,Staged,5,3
surf_treespam,6,Staged,5,0
surf_valpect,6,Linear,5,2
surf_vast,6,Staged,5,1
surf_whynot,6,Staged,4,2
surf_whynot2,6,Linear,6,2
surf_zen,6,Staged,4,3
surf_devil,7,Staged,4,1
surf_exonic,7,Linear,6,3
surf_gigapede,7,Linear,7,6
surf_goliath,7,Staged,4,4
surf_hardline,7,Staged,5,4
surf_not_so_prosurf,7,Staged,10,7
surf_not_so_zen,7,Linear,6,6
surf_original,7,Linear,8,1
surf_pls,7,Linear,9,10
surf_prosurf,7,Staged,5,5
surf_raphaello,7,Linear,5,2
surf_shade,7,Linear,3,7
surf_shibboleth,7,Staged,5,10
surf_shodan,7,Linear,5,10
surf_sinsane2,7,Linear,5,4
surf_tensor2,7,Staged,8,6
surf_zen2,7,Staged,4,5
surf_anubis_ksf,8,Staged,3,9
surf_corruption,8,Linear,8,6
surf_deity_ksf,8,Staged,5,0