ID,Date Added,Map name,Tier,Type,Stages/Cps,Bonuses
1,2012-08-01,surf_aircontrol_ksf,1,Linear,6,2
2,2012-08-01,surf_amateur_v2b,3,Staged,6,1
3,2012-08-01,surf_christmas,3,Staged,9,2
4,2012-08-01,surf_crystal,3,Staged,6,2
5,2012-08-01,surf_diamond_beta1,5,Staged,4,1
6,2012-08-01,surf_discovery,4,Staged,5,0
7,2012-08-01,surf_eclipse,2,Staged,3,0
8,2012-08-01,surf_eternal_beta,4,Staged,2,0
9,2012-08-01,surf_fruits,3,Staged,10,1
10,2012-08-01,surf_ing,2,Linear,7,2
11,2012-08-01,surf_kz_mix_journeys,2,Linear,6,3
12,2012-08-01,surf_plethora_fix,3,Linear,3,0
13,2012-08-01,surf_portal_game4,3,Staged,6,0
14,2012-08-01,surf_sundown,1,Linear,5,0
15,2012-08-01,surf_timewarp,5,Staged,5,0
16,2012-08-01,surf_ultimate_fix,4,Staged,5,0
17,2012-08-01,surf_underworld,4,Linear,4,0
18,2012-08-01,surf_x,4,Staged,8,0
19,2012-08-02,surf_004_fix,2,Linear,4,0
20,2012-08-02,surf_amplitude_apex,3,Staged,3,0
21,2012-08-02,surf_amplitude_encore,2,Linear,6,0
22,2012-08-02,surf_asrown,3,Staged-Linear,2,1
23,2012-08-02,surf_boring,2,Staged,16,0
24,2012-08-02,surf_catalyst,4,Linear,5,0
25,2012-08-02,surf_catalyst2,4,Linear,4,0
26,2012-08-02,surf_chaos_fix,1,Staged,3,1
27,2012-08-02,surf_deceptive_final,3,Staged,5,1
28,2012-08-02,surf_divided_fix,4,Staged,5,0
29,2012-08-02,surf_dynasty,3,Linear,3,1
30,2012-08-02,surf_entropy_finalv2,3,Staged,5,0
31,2012-08-02,surf_forbidden_ways_ksf,2,Linear,7,1
32,2012-08-02,surf_freaky,5,Staged,6,0
33,2012-08-02,surf_frequency_njv,3,Linear,5,2
34,2012-08-02,surf_happyhands2,3,Linear,3,4
35,2012-08-02,surf_healthy,3,Staged,10,1
36,2012-08-02,surf_hydrogen,4,Linear,5,0
37,2012-08-02,surf_kalium2,4,Linear,7,0
38,2012-08-02,surf_kawaii,3,Staged,4,0
39,2012-08-02,surf_krow10,3,Linear,4,1
40,2012-08-02,surf_legendary,5,Staged,7,0
41,2012-08-02,surf_mash-up,3,Staged,20,0
42,2012-08-02,surf_minecraft_fix,5,Linear,5,2
43,2012-08-02,surf_misc,5,Staged,7,0
44,2012-08-02,surf_nightmare,5,Staged,6,1
45,2012-08-02,surf_omnibus,3,Staged,11,0
46,2012-08-02,surf_overgrowth,4,Staged,5,2
47,2012-08-02,surf_pavilion,3,Staged,5,0
48,2012-08-02,surf_prolix_fix,4,Linear,4,0
49,2012-08-02,surf_psi_fixed,3,Staged,3,0
50,2012-08-02,surf_pure,4,Staged,7,0
51,2012-08-02,surf_qlimax_q,4,Staged,6,0
52,2012-08-02,surf_rebel_resistance_final3,1,Linear,3,0
53,2012-08-02,surf_ripper,3,Staged,4,1
54,2012-08-02,surf_sanding_ksf,3,Staged,6,0
55,2012-08-02,surf_sandman_v2,4,Staged,5,0
56,2012-08-02,surf_savant_njv,4,Staged,7,1
57,2012-08-02,surf_seaworld_fix,2,Linear,3,0
58,2012-08-02,surf_sensation_fix,4,Staged,4,0
59,2012-08-02,surf_skill8,4,Linear,4,0
60,2012-08-02,surf_sunset,4,Staged,6,1
61,2012-08-02,surf_syria,2,Staged,8,0
62,2012-08-02,surf_tomb_redone,2,Linear,4,0
63,2012-08-02,surf_treefort,5,Staged,8,0
64,2012-08-02,surf_ultimatum,3,Staged,6,0
65,2012-08-02,surf_unreal2,5,Staged,3,2
66,2012-08-02,surf_utopia_njv,1,Linear,4,0
67,2012-08-02,surf_vegetables,3,Staged,10,1
68,2012-08-02,surf_wazor_ksf,4,Staged,5,0
69,2012-08-03,surf_adtr_njv,3,Staged,4,1
70,2012-08-03,surf_amplitude_light,2,Linear,4,0
71,2012-08-03,surf_anthropomorphic,3,Staged,10,1
72,2012-08-03,surf_awp_sk337_v3,1,Linear,4,0
73,2012-08-03,surf_beginner,1,Staged,7,0
74,2012-08-03,surf_bob,3,Staged,11,1
75,2012-08-03,surf_calamity_njv,3,Staged,5,0
76,2012-08-03,surf_canisius2_fix,3,Staged,5,0
77,2012-08-03,surf_color_fix,3,Staged,6,1
78,2012-08-03,surf_commune_again_beta5,3,Staged,7,0
79,2012-08-03,surf_concept,3,Staged,7,0
80,2012-08-03,surf_crzyfrog_reloaded,2,Staged,3,0
81,2012-08-03,surf_curious,4,Linear,4,0
82,2012-08-03,surf_cyanide,3,Linear,4,0
83,2012-08-03,surf_diminsion,3,Linear,4,2
84,2012-08-03,surf_elements_beta3,2,Staged,6,1
85,2012-08-03,surf_elites_v2,2,Linear,3,1
86,2012-08-03,surf_ember,3,Staged,5,0
87,2012-08-03,surf_epic,3,Staged,7,1
88,2012-08-03,surf_euphoria,4,Staged,2,0
89,2012-08-03,surf_exile,6,Staged,5,0
90,2012-08-03,surf_extremex,3,Staged,8,0
91,2012-08-03,surf_extremex2_5,5,Staged,6,2
92,2012-08-03,surf_exxak,3,Staged,5,0
93,2012-08-03,surf_forbidden_tomb,4,Staged,8,0
94,2012-08-03,surf_furios,3,Staged,6,0
95,2012-08-03,surf_halloween_fix,4,Staged,5,2
96,2012-08-03,surf_heaven_njv,2,Staged,6,1
97,2012-08-03,surf_infected_h,5,Linear,4,0
98,2012-08-03,surf_interceptor,4,Staged,5,0
99,2012-08-03,surf_ixtab,4,Staged,6,1
100,2012-08-03,surf_legends,1,Linear,5,0
101,2012-08-03,surf_lessons,1,Staged,7,3
102,2012-08-03,surf_lolrevlis2,3,Linear,3,1
103,2012-08-03,surf_lore,2,Staged,7,2
104,2012-08-03,surf_masonry,4,Staged,2,0
105,2012-08-03,surf_ny_platinum,2,Staged,6,1
106,2012-08-03,surf_pandemonium_njv,3,Staged,5,2
107,2012-08-03,surf_parrot_selector_h,4,Linear,5,0
108,2012-08-03,surf_placid,3,Linear,4,1
109,2012-08-03,surf_primero_fix,5,Linear,5,1
110,2012-08-03,surf_prosperity_v2,4,Staged,7,0
111,2012-08-03,surf_razer_final,3,Staged,4,0
112,2012-08-03,surf_sc_essence_v2,4,Staged,10,1
113,2012-08-03,surf_sewers,4,Linear,5,0
114,2012-08-03,surf_sh,4,Staged,4,0
115,2012-08-03,surf_spaceship_ksf,3,Linear,6,3
116,2012-08-03,surf_static,3,Staged,7,1
117,2012-08-03,surf_stick,3,Staged,6,0
118,2012-08-03,surf_tronic_njv,5,Linear,4,2
119,2012-08-04,surf_1day,3,Staged,11,1
120,2012-08-04,surf_collection_njv,3,Staged,8,0
121,2012-08-04,surf_creation,3,Staged,5,1
122,2012-08-04,surf_distraction_v2,3,Staged,5,1
123,2012-08-04,surf_forbidden_tomb3,4,Staged,8,0
124,2012-08-04,surf_funhouse_v1,1,Linear,4,0
125,2012-08-04,surf_liberation,3,Staged,7,1
126,2012-08-04,surf_liberation2,3,Staged,7,2
127,2012-08-04,surf_loentra,5,Linear,4,2
128,2012-08-04,surf_ny_advance,3,Staged,10,0
129,2012-08-04,surf_olympics,3,Staged,7,0
130,2012-08-04,surf_quilavar,3,Linear,4,0
131,2012-08-04,surf_royal_fix,6,Staged,5,0
132,2012-08-04,surf_sky_ages,3,Staged,4,0
133,2012-08-04,surf_smaragd_fix,3,Staged,6,0
134,2012-08-04,surf_taq,4,Staged,3,0
135,2012-08-04,surf_this_njv,4,Linear,3,0
136,2012-08-04,surf_year3000,1,Staged,2,0
137,2012-08-05,surf_81st_network,2,Staged-Linear,5,1
138,2012-08-05,surf_apollonian,4,Staged,9,0
139,2012-08-05,surf_blub,4,Staged,5,0
140,2012-08-05,surf_classics,2,Staged,10,0
141,2012-08-05,surf_collaboration,4,Staged,8,0
142,2012-08-05,surf_commune_too_beta5,4,Staged,7,2
143,2012-08-05,surf_compulsive_njv_h,4,Staged,4,0
144,2012-08-05,surf_entropy_hardmode,5,Staged,5,0
145,2012-08-05,surf_exocube,2,Staged,5,0
146,2012-08-05,surf_forbidden_tomb4,4,Linear,7,0
147,2012-08-05,surf_freedom,4,Staged,5,0
148,2012-08-05,surf_ghost_busters,4,Staged,16,1
149,2012-08-05,surf_happyhands,2,Linear,4,2
150,2012-08-05,surf_inrage,3,Linear,3,0
151,2012-08-05,surf_insignia_b1,4,Staged,5,0
152,2012-08-05,surf_oompa_loompa,3,Linear,4,0
153,2012-08-05,surf_plaguelands_beta7a,3,Staged,6,1
154,2012-08-05,surf_porn_fix,3,Linear,5,0
155,2012-08-05,surf_presmon_fix,2,Staged,6,0
156,2012-08-05,surf_quasar_final,3,Staged,4,1
157,2012-08-05,surf_redemption_b1,4,Staged,4,0
158,2012-08-05,surf_refraxis,4,Staged,8,2
159,2012-08-05,surf_sempar_njv,4,Staged,6,1
160,2012-08-05,surf_sunset2_fix,4,Staged,6,1
161,2012-08-05,surf_syria_again,6,Staged,8,0
162,2012-08-05,surf_tenacious,3,Staged,4,0
163,2012-08-05,surf_the_distance,5,Linear,9,3
164,2012-08-06,surf_akai_final,1,Linear,3,0
165,2012-08-06,surf_classics2,2,Staged,9,0
166,2012-08-06,surf_compulsive_njv,3,Staged,4,0
167,2012-08-06,surf_globalchaos,3,Staged,3,1
168,2012-08-06,surf_hurrr,2,Linear,4,0
169,2012-08-06,surf_impact,3,Staged,6,0
170,2012-08-06,surf_kalium,4,Staged,3,1
171,2012-08-06,surf_leet_xl_beta7z,1,Linear,2,0
172,2012-08-06,surf_loves_spliff,4,Staged,7,1
173,2012-08-06,surf_orbion,4,Staged,6,0
174,2012-08-06,surf_parrot_selector,3,Linear,5,0
175,2012-08-06,surf_perforated_restored,3,Staged,5,0
176,2012-08-06,surf_smile_njv,3,Staged,5,0
177,2012-08-06,surf_two_colour,3,Staged,6,0
178,2012-08-06,surf_unreal_njv,4,Linear,5,0
179,2012-08-06,surf_vector_final,4,Staged,4,1
180,2012-08-07,surf_bork_nbv,3,Staged,7,1
181,2012-08-07,surf_canisius,3,Staged,5,0
182,2012-08-07,surf_cookiejar,3,Linear,4,0
183,2012-08-07,surf_destiny_fixed,3,Linear,4,0
184,2012-08-07,surf_exocube_h,5,Staged,5,0
185,2012-08-07,surf_forbidden_tomb2,4,Staged,8,0
186,2012-08-07,surf_jenocide,3,Staged,5,1
187,2012-08-07,surf_jizznipples,3,Staged,5,0
188,2012-08-07,surf_lodypreview,3,Staged,13,0
189,2012-08-07,surf_nemesis,4,Linear,5,2
190,2012-08-07,surf_networked,3,Linear,4,0
191,2012-08-07,surf_parc_colore,3,Staged,6,4
192,2012-08-07,surf_purgatory,3,Staged,6,0
193,2012-08-07,surf_sexplizooimed,4,Staged,7,1
194,2012-08-07,surf_torque,3,Staged,4,2
195,2012-08-07,surf_waterworks,2,Linear,4,0
196,2012-08-07,surf_zion,3,Staged,5,0
197,2012-08-08,surf_2012_beta12,3,Staged,6,1
198,2012-08-08,surf_compact,3,Staged,5,0
199,2012-08-08,surf_core_refix,5,Staged,6,2
200,2012-08-08,surf_flyin_fortress_fix,2,Linear,3,1
201,2012-08-08,surf_gauntlet_final,4,Linear,3,0
202,2012-08-08,surf_imagine_fix,3,Staged,7,0
203,2012-08-08,surf_lolrevlis,5,Staged,9,1
204,2012-08-08,surf_lt_omnific,6,Staged-Linear,18,3
205,2012-08-08,surf_palette_fix,3,Staged,9,0
206,2012-08-08,surf_the_gloaming,2,Linear,4,0
207,2012-08-09,surf_acp_fix,3,Staged,9,0
208,2012-08-09,surf_dynamics_fixed,5,Linear,4,1
209,2012-08-09,surf_exogenesis,3,Linear,3,1
210,2012-08-09,surf_gurus_fix,5,Staged,7,0
211,2012-08-09,surf_imex,2,Staged,5,0
212,2012-08-09,surf_lepidus,4,Staged,7,1
213,2012-08-09,surf_network_2013,3,Linear,4,0
214,2012-08-09,surf_ny_superhappiest_b3,2,Staged,4,0
215,2012-08-10,surf_annoyance_njv,2,Staged,8,0
216,2012-08-10,surf_construction,4,Staged,3,1
217,2012-08-10,surf_finesse_final,4,Staged,6,0
218,2012-08-10,surf_helium_fix,3,Staged,6,0
219,2012-08-10,surf_lithium,3,Staged,5,1
220,2012-08-10,surf_ny_momentum_v3_1,2,Linear,3,0
221,2012-08-10,surf_sc_colours,4,Staged,9,1
222,2012-08-10,surf_stickybutt_alpha,3,Linear,5,1
223,2012-08-10,surf_tron_njv,3,Linear,4,0
224,2012-08-11,surf_delusional,2,Staged,8,0
225,2012-08-11,surf_graphia,2,Linear,4,1
226,2012-08-11,surf_grassland,2,Linear,3,0
227,2012-08-11,surf_lithium2,4,Staged,5,0
228,2012-08-11,surf_prosaic,3,Staged,5,0
229,2012-08-11,surf_psycho,2,Staged,6,2
230,2012-08-11,surf_rapid,3,Staged,5,1
231,2012-08-11,surf_s_t_a_t_i_o_n,3,Staged,7,0
232,2012-08-12,surf_b_r_o_x_x_x,3,Staged,5,0
233,2012-08-12,surf_dusk,3,Staged,6,1
234,2012-08-12,surf_injection_njv,4,Staged,7,1
235,2012-08-12,surf_metalwall,4,Linear,4,0
236,2012-08-12,surf_ragequit,4,Staged,6,0
237,2012-08-12,surf_togo,3,Linear,4,1
238,2012-08-13,surf_infected,4,Linear,4,0
239,2012-08-13,surf_morbid,3,Staged,6,0
240,2012-08-13,surf_mynah_final,3,Staged,4,0
241,2012-08-14,surf_torque2,3,Staged,4,2
242,2012-08-15,surf_ataque_final,3,Staged,6,0
243,2012-08-15,surf_proximity_final,3,Staged,6,1
244,2012-08-15,surf_velocity,3,Staged,6,1
245,2012-08-17,surf_quattro,4,Staged,4,0
246,2012-08-18,surf_industries,3,Linear,5,0
247,2012-08-18,surf_sexyartz_njv,4,Linear,7,0
248,2012-08-20,surf_network_2009,2,Linear,4,0
249,2012-08-20,surf_network2008_final,1,Linear,4,1
250,2012-08-20,surf_nikolo,4,Linear,3,0
251,2012-08-20,surf_pox,1,Linear,3,0
252,2012-08-20,surf_retroartz,3,Linear,4,0
253,2012-08-20,surf_thembrium_njv,3,Staged,5,1
254,2012-08-21,surf_hyper,4,Staged,5,1
255,2012-08-21,surf_paranoid_enigma,3,Staged,5,0
256,2012-08-21,surf_spectrum_njv,3,Staged,5,0
257,2012-08-22,surf_missing_no,3,Linear,5,0
258,2012-08-22,surf_quantum_njv,3,Linear,4,0
259,2012-08-24,surf_ambient_njv,4,Linear,5,0
260,2012-09-01,surf_dionysus,5,Linear,3,0
261,2012-09-05,surf_calamity2,4,Staged,5,0
262,2012-09-06,surf_jusched_beta1,6,Linear,5,0
263,2012-09-07,surf_odyssey,2,Linear,4,0
264,2012-09-15,surf_coralis_ksf,3,Linear,4,2
265,2012-09-16,surf_map_njv,5,Linear,5,1
266,2012-09-19,surf_again_njv,5,Linear,5,0
267,2012-10-02,surf_stonework,4,Staged,7,0
268,2012-10-05,surf_wood,2,Linear,4,1
269,2012-11-11,surf_stonework2,3,Linear,4,1
270,2012-11-22,surf_map_h,6,Linear,5,0
271,2012-11-23,surf_arghmyeyes_retexture,3,Linear,5,0
272,2012-11-23,surf_skill8_h,5,Linear,4,0
273,2012-11-26,surf_tensile_njv,2,Linear,5,0
274,2012-12-04,surf_insideout_final,3,Linear,4,0
275,2012-12-10,surf_efficacy,4,Linear,4,3
276,2012-12-16,surf_artifex,4,Staged,4,1
277,2012-12-20,surf_bbb,3,Staged,6,2
278,2012-12-24,surf_inrage2,4,Linear,4,1
279,2012-12-26,surf_junglepics_ksf,4,Linear,6,0
280,2012-12-27,surf_fast,3,Staged,4,3
281,2013-01-01,surf_quartus_ksf,4,Linear,7,0
282,2013-01-02,surf_and_destroy_fix,2,Linear,4,2
283,2013-01-02,surf_prime_time_r3vamp,1,Staged,2,0
284,2013-01-03,surf_kz_protraining,2,Staged-Linear,16,4
285,2013-01-05,surf_ny_momentum2_ksf,3,Linear,8,1
286,2013-01-13,surf_stagejuan_ksf,3,Linear,8,3
287,2013-01-19,surf_calibration,4,Linear,7,1
288,2013-01-21,surf_y,4,Staged,24,3
289,2013-01-30,surf_happyhands3,3,Linear,4,3
290,2013-02-16,surf_looksmodern,6,Staged,5,0
291,2013-02-18,surf_rands,4,Staged-Linear,8,3
292,2013-03-01,surf_airflow,4,Staged,6,1
293,2013-03-18,surf_beyer,4,Linear,7,1
294,2013-03-26,surf_neoplasma_ksf,4,Staged,6,2
295,2013-04-07,surf_awakening,3,Staged,4,1
296,2013-04-07,surf_commune_beta11,2,Staged,9,0
297,2013-04-14,surf_faint_fix,2,Linear,4,2
298,2013-06-21,surf_exclave_fix,4,Linear,4,0
299,2013-06-22,surf_elixor,3,Staged,9,0
300,2013-06-25,surf_auroria_ksf,3,Staged,6,1
301,2013-06-28,surf_sinister_evil,6,Staged,5,2
302,2013-07-08,surf_metallic,5,Staged,5,0
303,2013-07-26,surf_elysium,5,Staged,4,1
304,2013-09-17,surf_sinsane_ksf,6,Linear,4,1
305,2013-09-19,surf_lies_ksf,2,Staged,5,0
306,2013-09-20,surf_prelude_fix,1,Linear,4,0
307,2013-09-29,surf_lullaby_ksf,2,Linear,5,0
308,2013-10-13,surf_blackside,4,Staged,5,0
309,2013-10-16,surf_derpis_ksf,1,Staged,6,0
310,2013-10-27,surf_tronia_refix,3,Staged,4,4
311,2013-11-03,surf_rustic_v2,4,Staged-Linear,2,1
312,2013-11-04,surf_symbiosis,4,Linear,5,0
313,2013-11-07,surf_auroria2,4,Staged,7,1
314,2013-11-15,surf_sluice_final,4,Linear,6,5
315,2013-11-21,surf_aux,4,Staged,2,2
316,2013-11-28,surf_simpsons_source,2,Staged,10,4
317,2014-01-02,surf_stonework3,5,Staged,7,0
318,2014-01-13,surf_mesa_fixed,1,Linear,4,0
319,2014-01-22,surf_depressing,3,Staged,12,0
320,2014-01-25,surf_goldarn,4,Linear,5,1
321,2014-01-26,surf_polygon,4,Staged,4,4
322,2014-02-04,surf_fruits2,3,Staged,16,1
323,2014-02-20,surf_sci_fi,3,Staged,3,0
324,2014-02-26,surf_lighthouse,3,Staged,4,0
325,2014-02-27,surf_infamous_ksf,5,Staged,5,1
326,2014-03-09,surf_overgrowth2,4,Staged,5,2
327,2014-03-17,surf_4dimensional,4,Staged-Linear,3,1
328,2014-04-07,surf_voteforthisone,3,Staged,8,2
329,2014-04-13,surf_methadone,3,Staged,5,1
330,2014-05-05,surf_inspire,2,Linear,4,1
331,2014-07-01,surf_halloween_tf2,2,Linear,7,0
332,2014-07-08,surf_mesa_mine,2,Linear,6,1
333,2014-07-11,surf_mushroom_ksf,3,Linear,5,1
334,2014-07-19,surf_ecosystem,3,Linear,5,0
335,2014-07-24,surf_depths,3,Linear,6,1
336,2014-08-03,surf_mellow,2,Linear,4,0
337,2014-08-13,surf_island,2,Linear,6,0
338,2014-08-22,surf_rookie,2,Staged,18,0
339,2014-09-11,surf_diverge,3,Staged,5,1
340,2014-10-05,surf_sunnyhappylove,2,Staged,4,0
341,2014-10-08,surf_illumination,4,Linear,6,6
342,2014-10-17,surf_mesa_aether,3,Linear,7,0
343,2014-10-22,surf_happyhands4,3,Linear,6,2
344,2014-10-28,surf_beyer2,4,Linear,7,5
345,2014-11-22,surf_treespam,6,Staged,5,0
346,2015-01-11,surf_antimatter_v2,4,Staged,6,0
347,2015-01-13,surf_acerbus,5,Staged,6,0
348,2015-01-20,surf_desolate,4,Staged-Linear,4,3
349,2015-02-09,surf_nyze,5,Staged,5,2
350,2015-02-18,surf_tundra_v2,4,Staged,3,1
351,2015-02-24,surf_ace,1,Staged-Linear,8,1
352,2015-03-01,surf_lt_unicorn,4,Staged-Linear,6,4
353,2015-03-04,surf_sippysip,4,Linear,5,2
354,2015-03-13,surf_reprise,2,Linear,4,2
355,2015-03-21,surf_whoknows_ksf,3,Linear,5,1
356,2015-03-26,surf_kitsune,1,Staged,9,0
357,2015-04-02,surf_z,5,Staged,5,1
358,2015-04-08,surf_iceworld,3,Linear,4,1
359,2015-05-10,surf_swagtoast,3,Staged,9,1
360,2015-05-16,surf_disneyland,5,Staged,7,0
361,2015-05-21,surf_spacejam,2,Staged,6,1
362,2015-06-10,surf_25_lighters,4,Linear,5,3
363,2015-07-04,surf_nostromo,5,Linear,5,2
364,2015-07-21,surf_whoknows2,4,Linear,6,1
365,2015-07-28,surf_oasis,3,Staged,10,2
366,2015-08-03,surf_intense_ksf,4,Staged,4,2
367,2015-08-09,surf_valpect,6,Linear,5,2
368,2015-08-15,surf_elysium2,5,Staged,4,1
369,2015-09-08,surf_koa,4,Linear,4,1
370,2015-09-19,surf_milkyway,3,Linear,4,0
371,2015-10-02,surf_marah,6,Linear,5,0
372,2015-10-08,surf_sentient,4,Linear,4,1
373,2015-10-25,surf_nac,3,Staged,4,2
374,2015-10-31,surf_abstinens,3,Staged,5,0
375,2015-11-02,surf_cordelia,4,Staged,3,0
376,2015-11-06,surf_mephobia_final,4,Staged,6,1
377,2015-11-19,surf_cyka_ksf,3,Staged,4,2
378,2015-11-26,surf_exurbia_v2,2,Staged,5,1
379,2015-12-01,surf_salient,5,Staged,4,2
380,2015-12-08,surf_seraph,5,Linear,4,1
381,2015-12-17,surf_bluewinter,3,Linear,4,1
382,2015-12-28,surf_kitsune2,3,Staged-Linear,12,4
383,2016-01-04,surf_animals_ksf,3,Staged,11,1
384,2016-01-18,surf_strafe,3,Linear,3,0
385,2016-01-28,surf_beginner_hell,4,Staged,7,1
386,2016-02-02,surf_adventure_final,4,Linear,7,7
387,2016-02-07,surf_friday,3,Staged,6,1
388,2016-02-28,surf_second,3,Linear,4,1
389,2016-03-06,surf_vale,3,Staged,4,1
390,2016-03-17,surf_sinister2,6,Staged,5,2
391,2016-03-28,surf_pathfinder,2,Linear,5,0
392,2016-03-31,surf_juturna,2,Linear,4,1
393,2016-04-09,surf_ori_l,3,Linear,7,0
394,2016-04-15,surf_666,6,Staged,6,6
395,2016-04-21,surf_meme,3,Staged,9,2
396,2016-04-29,surf_duggywuggy,2,Linear,4,1
397,2016-05-08,surf_resort,3,Linear,5,0
398,2016-05-14,surf_ethereal,2,Staged,3,2
399,2016-06-01,surf_borderlands,1,Staged,7,0
400,2016-06-12,surf_vale2,3,Staged,5,1
401,2016-06-25,surf_me,1,Staged,5,4
402,2016-07-01,surf_pancake,4,Linear,4,1
403,2016-07-09,surf_exurbia2,3,Linear,5,1
404,2016-07-21,surf_jaqen,4,Linear,4,3
405,2016-08-05,surf_hades,6,Staged,7,2
406,2016-08-29,surf_twilight_njv,2,Linear,5,2
407,2016-09-21,surf_transient,5,Staged,9,1
408,2016-09-30,surf_eon_fix,5,Linear,3,3
409,2016-10-09,surf_brutalist,5,Staged,4,1
410,2016-10-29,surf_4head,2,Linear,4,4
411,2016-11-02,surf_noble,2,Staged,5,1
412,2016-11-12,surf_tempest,3,Linear,4,3
413,2016-11-26,surf_edge,6,Linear,7,3
414,2016-12-04,surf_mom_fix,1,Staged,6,1
415,2016-12-04,surf_trapped,5,Staged,6,2
416,2016-12-14,surf_elysium3,5,Staged,4,2
417,2016-12-23,surf_lab,4,Linear,5,2
418,2016-12-25,surf_christmas2,3,Staged,9,1
419,2017-02-02,surf_sandtrap,2,Linear,3,3
420,2017-02-12,surf_serenity,3,Staged,3,3
421,2017-02-14,surf_guitar_hi,2,Linear,3,1
422,2017-02-19,surf_amaro,6,Linear,5,1
423,2017-02-26,surf_6,2,Linear,3,1
424,2017-03-07,surf_doodles_njv,2,Staged,9,1
425,2017-03-11,surf_aether,2,Linear,5,0
426,2017-03-11,surf_salient2,5,Staged,4,2
427,2017-03-22,surf_illumination2,4,Staged,6,3
428,2017-03-26,surf_crush,5,Linear,4,1
429,2017-03-31,surf_wizard,3,Staged,5,3
430,2017-04-08,surf_rez,2,Staged,6,2
431,2017-04-16,surf_forgotten,1,Linear,3,6
432,2017-04-28,surf_android_ksf,5,Staged,7,3
433,2017-05-06,surf_tempest2,3,Linear,5,2
434,2017-05-14,surf_damn,5,Linear,5,2
435,2017-05-20,surf_be_gentle,3,Staged,4,2
436,2017-05-24,surf_aeron,3,Linear,3,1
437,2017-05-29,surf_roman_v2,3,Linear,3,1
438,2017-06-02,surf_reactor,3,Linear,4,0
439,2017-06-03,surf_sinsane_ez,3,Linear,5,1
440,2017-06-04,surf_proliferation,4,Staged,5,2
441,2017-06-07,surf_zbig_ksf,2,Staged,7,2
442,2017-06-09,surf_lost,3,Staged,4,4
443,2017-06-17,surf_semesterbreak,2,Linear,3,2
444,2017-06-18,surf_stonework4,6,Staged,7,0
445,2017-06-25,surf_driftless,2,Linear,4,1
446,2017-07-01,surf_runewords,4,Staged,4,4
447,2017-07-08,surf_trihard,4,Staged,6,2
448,2017-07-17,surf_zen,6,Staged,4,3
449,2017-07-21,surf_zealand,2,Linear,4,2
450,2017-07-25,surf_trapped2,4,Staged,6,2
451,2017-08-02,surf_eunoia,3,Linear,4,3
452,2017-08-13,surf_mudkip,4,Linear,5,5
453,2017-08-14,surf_mdrn,5,Linear,3,4
454,2017-08-22,surf_technique,5,Staged,7,5
455,2017-08-28,surf_resource,4,Staged,4,4
456,2017-09-12,surf_oompa2,4,Linear,4,1
457,2017-09-24,surf_delta,4,Staged,5,2
458,2017-09-30,surf_izded,5,Staged,4,3
459,2017-10-03,surf_goliath,7,Staged,4,4
460,2017-10-15,surf_facility,4,Linear,4,4
461,2017-10-17,surf_eryr,4,Staged,4,3
462,2017-10-21,surf_hope,4,Staged,3,1
463,2017-10-22,surf_jaqen2,3,Linear,5,3
464,2017-10-27,surf_benevolent_refix,1,Staged,7,1
465,2017-11-12,surf_dragon,2,Linear,4,1
466,2017-11-18,surf_gleam,2,Linear,3,2
467,2017-11-24,surf_take1,3,Linear,4,1
468,2017-11-30,surf_flatliners,3,Linear,4,1
469,2017-12-05,surf_vast,6,Staged,5,1
470,2017-12-07,surf_neoteric_retexture,4,Staged,5,4
471,2017-12-15,surf_cartoon,3,Staged,5,1
472,2017-12-17,surf_highlands,5,Staged,5,4
473,2018-01-06,surf_triggered_fix,4,Staged,5,0
474,2018-01-16,surf_subway,3,Linear,4,3
475,2018-01-20,surf_beverages_remix,2,Staged,8,3
476,2018-01-27,surf_drifting,4,Staged-Linear,5,1
477,2018-01-28,surf_runewords2,4,Staged,4,6
478,2018-02-10,surf_nsz_fix,7,Linear,6,6
479,2018-02-23,surf_not_so_disaster,2,Linear,4,5
480,2018-02-28,surf_calycate2,1,Linear,3,1
481,2018-02-28,surf_petrus,3,Linear,4,0
482,2018-03-03,surf_saturday,2,Linear,4,2
483,2018-03-04,surf_froots_ksf,3,Staged,18,8
484,2018-03-07,surf_ivory,2,Linear,4,3
485,2018-03-11,surf_gekar,4,Staged,4,2
486,2018-03-13,surf_quickie_fix,4,Linear,3,5
487,2018-03-18,surf_our,5,Linear,4,4
488,2018-03-23,surf_believe,2,Staged,4,3
489,2018-03-27,surf_axiom,4,Linear,3,4
490,2018-04-03,surf_pagoda,3,Linear,3,3
491,2018-04-08,surf_alend,4,Linear,4,0
492,2018-04-13,surf_a,3,Staged,5,0
493,2018-04-15,surf_frost,1,Linear,3,8
494,2018-04-20,surf_flow_ksf,1,Linear,3,2
495,2018-04-21,surf_synada,4,Linear,5,3
496,2018-04-27,surf_epithet,4,Linear,3,2
497,2018-05-05,surf_low_production,3,Staged,3,2
498,2018-05-05,surf_shoria,5,Staged,5,1
499,2018-05-10,surf_volcanic,4,Linear,4,1
500,2018-05-13,surf_greenhouse,4,Linear,5,1
501,2018-05-16,surf_clavius,5,Staged,6,0
502,2018-05-20,surf_dova,5,Linear,3,2
503,2018-05-27,surf_zor,2,Linear,3,1
504,2018-05-29,surf_papertown,2,Linear,3,5
505,2018-06-01,surf_life_of_cow,3,Staged,5,2
506,2018-06-03,surf_hollow,5,Linear,3,2
507,2018-06-03,surf_summit,1,Linear,4,3
508,2018-06-16,surf_blackout,3,Linear,6,0
509,2018-06-22,surf_cinnamon_fix,5,Linear,4,3
510,2018-06-24,surf_germania,5,Staged,6,2
511,2018-07-06,surf_epicube,2,Linear,4,2
512,2018-07-14,surf_sandtrap2,2,Linear,4,4
513,2018-07-20,surf_palm,2,Linear,4,2
514,2018-07-29,surf_lux,1,Linear,4,0
515,2018-07-29,surf_school_fix,1,Staged-Linear,10,1
516,2018-08-02,surf_chasm,4,Linear,5,4
517,2018-08-12,surf_rst,4,Staged,4,1
518,2018-08-18,surf_hero,5,Staged,4,5
519,2018-08-24,surf_zbig2,3,Staged,7,2
520,2018-08-29,surf_andromeda,1,Linear,3,1
521,2018-09-01,surf_whoknows3,4,Linear,5,0
522,2018-09-08,surf_delight,2,Linear,4,3
523,2018-09-09,surf_fortum_fix,2,Staged,5,2
524,2018-09-15,surf_conserve,5,Linear,4,0
525,2018-09-19,surf_not_so_quick,4,Staged,4,6
526,2018-10-04,surf_kairo,5,Linear,7,6
527,2018-10-13,surf_dhyana,3,Staged,5,2
528,2018-10-13,surf_hob,3,Linear,4,2
529,2018-10-13,surf_rocco_v2,2,Linear,3,3
530,2018-10-21,surf_eryr2_fix,5,Staged,4,3
531,2018-11-11,surf_rez2,4,Staged,5,4
532,2018-11-25,surf_pogchamp,3,Staged,4,0
533,2018-12-02,surf_aqua_fix,2,Linear,4,1
534,2018-12-02,surf_nebula,2,Linear,4,3
535,2018-12-08,surf_memories,4,Staged,5,2
536,2018-12-24,surf_chateau_fix,4,Linear,4,3
537,2018-12-30,surf_zen2,7,Staged,4,5
538,2019-01-05,surf_aser,1,Staged-Linear,6,0
539,2019-01-06,surf_zoomboys,3,Linear,5,2
540,2019-01-11,surf_ember2,4,Staged,6,2
541,2019-01-13,surf_summer_ksf,2,Staged,11,1
542,2019-01-14,surf_calzone,2,Staged,4,1
543,2019-01-19,surf_huh,3,Linear,3,6
544,2019-01-21,surf_innokia,6,Staged,5,4
545,2019-01-24,surf_devil,7,Staged,4,1
546,2019-01-25,surf_cyberwave,2,Staged,2,1
547,2019-01-26,surf_spectra,6,Linear,7,2
548,2019-02-03,surf_selenka,5,Staged,4,2
549,2019-02-10,surf_progress_fix,2,Staged-Linear,5,0
550,2019-02-13,surf_lax,4,Staged,7,3
551,2019-02-21,surf_journeys,2,Linear,3,3
552,2019-02-24,surf_shodan,7,Linear,5,10
553,2019-03-09,surf_domain,2,Linear,4,2
554,2019-03-24,surf_minimumwage,3,Staged-Linear,6,1
555,2019-03-30,surf_elysium4,5,Staged,4,3
556,2019-04-06,surf_bnw_njv,3,Linear,5,1
557,2019-04-14,surf_interference,2,Linear,3,0
558,2019-04-14,surf_klue,2,Linear,3,1
559,2019-04-20,surf_happyhug,4,Staged,16,4
560,2019-05-05,surf_egypt2,1,Linear,3,1
561,2019-05-05,surf_pantheon,1,Linear,4,3
562,2019-05-05,surf_pls,7,Linear,9,10
563,2019-05-05,surf_sandbrick,3,Staged,5,0
564,2019-05-19,surf_whiteout,1,Staged,6,1
565,2019-05-25,surf_garden,1,Staged,10,3
566,2019-05-25,surf_garden_h,6,Staged,10,3
567,2019-05-26,surf_jumble,6,Staged,2,4
568,2019-06-02,surf_ardon_fix,2,Linear,3,6
569,2019-06-09,surf_lost2,3,Staged,4,4
570,2019-06-16,surf_mwag_reloaded,2,Staged,14,5
571,2019-06-20,surf_bluewall_v2,2,Staged,4,3
572,2019-06-30,surf_hades2,6,Staged,6,5
573,2019-07-20,surf_froots2,5,Staged,20,4
574,2019-07-22,surf_nyx,1,Linear,3,3
575,2019-07-26,surf_sinsane2,7,Linear,5,4
576,2019-08-04,surf_marbleblast_intermediate,3,Linear,5,1
577,2019-08-11,surf_eggplant,2,Linear,4,3
578,2019-08-11,surf_glass7_ksf,2,Linear,4,0
579,2019-08-18,surf_ezclap,3,Staged,5,1
580,2019-08-18,surf_sandstorm2,3,Staged,4,1
581,2019-08-25,surf_drift,5,Staged-Linear,3,0
582,2019-08-31,surf_raphaello,7,Linear,5,2
583,2019-08-31,surf_strike,5,Staged,6,1
584,2019-09-29,surf_zeonine,4,Staged,4,2
585,2019-10-02,surf_nesquik,5,Staged,6,6
586,2019-10-20,surf_skipalot,2,Linear,4,4
587,2019-10-27,surf_queen_of_the_ween,3,Linear,3,3
588,2019-11-09,surf_cavemissile_fix,2,Linear,4,4
589,2019-11-27,surf_gleam2,2,Staged,4,4
590,2019-11-27,surf_warped,4,Linear,4,3
591,2019-12-21,surf_fornax,1,Linear,3,7
592,2019-12-24,surf_hotwheels_fix,2,Linear,4,8
593,2019-12-28,surf_epiphany,6,Staged,3,4
594,2020-01-03,surf_intra,5,Linear,7,0
595,2020-01-06,surf_grotto,4,Staged,6,3
596,2020-01-26,surf_golden_refix,3,Linear,7,3
597,2020-02-08,surf_disaster,6,Linear,5,2
598,2020-02-16,surf_anything,4,Staged,2,2
599,2020-02-22,surf_funhouse2,2,Linear,4,7
600,2020-02-28,surf_cement,4,Staged,6,7
601,2020-03-12,surf_corruption,8,Linear,8,6
602,2020-03-12,surf_kloakk,2,Linear,4,4
603,2020-03-15,surf_like_this,3,Linear,6,4
604,2020-03-19,surf_fabas,4,Staged,5,4
605,2020-03-22,surf_pyzire_fix,4,Linear,4,4
606,2020-03-26,surf_beginner2,2,Staged,7,4
607,2020-03-29,surf_sylvan,3,Linear,5,1
608,2020-04-04,surf_hyper2,4,Staged,5,1
609,2020-04-13,surf_happyhands5,3,Linear,5,2
610,2020-04-16,surf_helloworld,5,Staged,5,3
611,2020-04-19,surf_korn,2,Staged,4,3
612,2020-04-23,surf_whynot,6,Staged,4,2
613,2020-04-26,surf_quarantine,4,Staged,15,2
614,2020-04-30,surf_original,7,Linear,8,1
615,2020-05-02,surf_theme,4,Staged,9,3
616,2020-05-06,surf_water_run_ksf,1,Staged,4,1
617,2020-05-08,surf_lovetunnel,1,Linear,3,0
618,2020-05-11,surf_psychedelia,3,Linear,3,1
619,2020-05-16,surf_palais,2,Linear,4,0
620,2020-05-22,surf_sanguine,3,Staged-Linear,6,1
621,2020-05-26,surf_greensway,2,Linear,3,0
622,2020-05-31,surf_squirrelsonvacation,2,Linear,4,1
623,2020-06-09,surf_holiday,2,Staged,4,0
624,2020-06-15,surf_concretejungle_fix,4,Staged,6,5
625,2020-06-24,surf_luminaris_refix,3,Staged,3,6
626,2020-06-29,surf_sunday,4,Staged,3,3
627,2020-07-03,surf_unraveled,3,Staged-Linear,9,1
628,2020-07-08,surf_beyond,1,Staged,10,2
629,2020-07-13,surf_fungus,4,Linear,5,5
630,2020-07-21,surf_feudal,6,Staged,5,0
631,2020-07-21,surf_orthodox,2,Staged,16,4
632,2020-07-30,surf_runewords2_lod,4,Linear,5,6
633,2020-08-05,surf_stitched,6,Staged,2,2
634,2020-08-09,surf_zoomathon,1,Linear,8,0
635,2020-08-15,surf_sanctuary,2,Staged,5,3
636,2020-08-21,surf_solace,6,Staged,5,3
637,2020-08-29,surf_premium,2,Staged,8,2
638,2020-09-04,surf_loweffort,4,Staged,5,1
639,2020-09-07,surf_sequoia_fix,3,Staged,3,2
640,2020-09-11,surf_sacrifice,4,Staged,3,1
641,2020-09-15,surf_celestial,5,Linear,3,3
642,2020-09-18,surf_replicant,6,Staged,4,1
643,2020-09-22,surf_salvation,5,Linear,4,2
644,2020-09-26,surf_shambles,4,Linear,4,3
645,2020-10-03,surf_crimson,6,Linear,5,3
646,2020-10-03,surf_glass9,2,Linear,3,0
647,2020-10-10,surf_cannonball,4,Linear,5,2
648,2020-10-10,surf_slob,2,Staged,7,1
649,2020-10-17,surf_inferno,4,Linear,4,2
650,2020-10-20,surf_polonia,5,Staged,5,2
651,2020-10-20,surf_slob2_fix,3,Staged,7,0
652,2020-10-24,surf_revolution_fix,5,Staged,5,3
653,2020-10-24,surf_secluded,4,Staged,5,4
654,2020-10-28,surf_axil,4,Staged,3,2
655,2020-10-28,surf_tranquil,2,Linear,4,3
656,2020-11-05,surf_fire_eye,4,Linear,2,0
657,2020-11-05,surf_midsommar,3,Staged,3,4
658,2020-11-14,surf_cubic_ksf,3,Staged,28,0
659,2020-11-19,surf_ebony,2,Linear,5,4
660,2020-11-27,surf_leesriize_ksf,3,Staged,3,4
661,2020-12-08,surf_8bit,2,Staged,3,1
662,2020-12-08,surf_aquaflow,2,Linear,3,0
663,2020-12-08,surf_arcade,2,Staged,6,1
664,2020-12-08,surf_boreas,1,Linear,3,0
665,2020-12-08,surf_hourglass,1,Linear,3,0
666,2020-12-08,surf_in_space,2,Staged-Linear,3,1
667,2020-12-08,surf_inner,3,Linear,6,0
668,2020-12-08,surf_ravine,2,Linear,4,0
669,2020-12-08,surf_tendies,1,Linear,5,3
670,2020-12-29,surf_illusion,2,Staged,10,3
671,2021-01-16,surf_limbo,4,Linear,6,2
672,2021-01-30,surf_fiellu_ksf,3,Linear,4,4
673,2021-02-13,surf_crush2,6,Linear,5,1
674,2021-02-27,surf_sluice2,4,Linear,7,4
675,2021-03-13,surf_stonks,2,Staged,2,2
676,2021-03-27,surf_minigolf_ksf,3,Staged,7,2
677,2021-04-01,surf_serenity2,4,Staged,3,5
678,2021-04-10,surf_thesteve,6,Staged,5,3
679,2021-04-24,surf_enlightened_ksf,1,Linear,3,3
680,2021-05-08,surf_paradigm,4,Linear,4,3
681,2021-05-15,surf_monotony_ksf,4,Staged,5,2
682,2021-05-22,surf_autonomy,6,Staged,4,1
683,2021-05-29,surf_fortress_ksf,4,Staged,6,6
684,2021-06-05,surf_harmony_fix,2,Staged,5,3
685,2021-06-13,surf_nova,2,Linear,4,3
686,2021-06-19,surf_gloomy,6,Staged,6,4
687,2021-06-26,surf_banger,3,Staged,11,1
688,2021-07-02,surf_zeitgeist,3,Staged,12,4
689,2021-07-10,surf_tycho_fix,5,Staged,4,4
690,2021-07-18,surf_mate,2,Linear,4,5
691,2021-07-24,surf_deadline,2,Staged,4,2
692,2021-07-31,surf_hektik,4,Linear,4,5
693,2021-08-07,surf_constrictor_remix,4,Linear,4,1
694,2021-08-14,surf_consistenza_diversa,4,Staged,7,2
695,2021-08-14,surf_deity_ksf,8,Staged,5,0
696,2021-08-22,surf_brodderlands,4,Staged,5,1
697,2021-08-22,surf_shade,7,Linear,3,7
698,2021-08-28,surf_tuscany,2,Staged,8,4
699,2021-09-05,surf_wasteland,3,Staged,3,3
700,2021-09-12,surf_anzchamps,2,Staged-Linear,8,1
701,2021-09-19,surf_yellow,3,Linear,4,4
702,2021-10-02,surf_vienna,4,Linear,3,5
703,2021-10-10,surf_lockdown,2,Linear,3,2
704,2021-10-24,surf_exonic,7,Linear,6,3
705,2021-10-30,surf_embrace,6,Linear,6,6
706,2021-11-07,surf_cozy,4,Staged,2,0
707,2021-11-14,surf_anubis_ksf,8,Staged,3,9
708,2021-11-14,surf_deathstar,1,Staged-Linear,6,0
709,2021-11-28,surf_theunexpected,3,Linear,4,3
710,2021-12-05,surf_antimatter2,5,Staged,5,5
711,2021-12-05,surf_lowestbidder,5,Linear,4,1
712,2021-12-11,surf_scarlet_ksf,3,Linear,4,4
713,2021-12-19,surf_satellite_fix,1,Linear,3,0
714,2021-12-24,surf_perennial,2,Staged,2,3
715,2022-01-01,surf_remeanian,5,Staged,2,10
716,2022-01-07,surf_kultur,6,Staged,6,6
717,2022-01-15,surf_tensor,4,Staged,9,0
718,2022-01-23,surf_angst,4,Linear,5,3
719,2022-01-23,surf_fantasy,3,Staged,4,0
720,2022-01-23,surf_kepler,1,Staged-Linear,9,2
721,2022-01-23,surf_oddworld,4,Staged,6,2
722,2022-01-23,surf_pandora,3,Linear,4,0
723,2022-01-23,surf_polytron,5,Linear,4,1
724,2022-01-23,surf_sirius,3,Linear,5,3
725,2022-01-23,surf_verge,2,Linear,3,0
726,2022-01-23,surf_zenith,2,Linear,4,1
727,2022-01-25,surf_fractal,3,Staged,5,2
728,2022-01-29,surf_aura,1,Staged,6,8
729,2022-02-05,surf_slobs,3,Staged,16,2
730,2022-02-13,surf_bonk,4,Staged,5,2
731,2022-02-24,surf_tequila,4,Linear,3,4
732,2022-03-04,surf_wicked,3,Staged,3,3
733,2022-03-13,surf_frey2_ksf,3,Linear,3,2
734,2022-03-25,surf_aphelion,5,Linear,4,6
735,2022-04-09,surf_apollo,1,Linear,4,6
736,2022-04-17,surf_cosmo,3,Linear,4,2
737,2022-04-24,surf_infrared,4,Staged,6,5
738,2022-05-01,surf_wasteland2,3,Staged,3,5
739,2022-05-08,surf_undergrowth,3,Linear,4,3
740,2022-05-15,surf_offskill,6,Staged,4,1
741,2022-05-22,surf_shady_h,4,Linear,4,0
742,2022-06-01,surf_whynot2,6,Linear,6,2
743,2022-06-11,surf_minuet_ksf,1,Linear,4,0
744,2022-06-21,surf_nocturn,4,Staged,5,2
745,2022-07-05,surf_agony,2,Linear,4,1
746,2022-07-05,surf_destruction,2,Staged-Linear,4,0
747,2022-07-05,surf_deteriorate,3,Linear,3,0
748,2022-07-05,surf_echo,2,Linear,3,3
749,2022-07-05,surf_nuclear,1,Staged,2,2
750,2022-07-12,surf_lament_ksf,1,Linear,4,1
751,2022-07-17,surf_anoobis,2,Staged,3,10
752,2022-07-24,surf_instantdeath,2,Linear,1,4
753,2022-08-11,surf_void,1,Linear,3,0
754,2022-08-18,surf_calycate_ksf,1,Linear,3,1
755,2022-08-21,surf_rubiks_cube,4,Staged,5,2
756,2022-09-04,surf_activation,2,Staged-Linear,4,4
757,2022-09-12,surf_banana_fix,4,Staged,4,3
758,2022-09-18,surf_forsaken,5,Linear,4,2
759,2022-10-01,surf_devs_ksf,2,Staged,10,3
760,2022-10-09,surf_ofsfice,3,Linear,3,1
761,2022-10-12,surf_bugs,6,Staged,4,6
762,2022-10-20,surf_assail,5,Linear,4,4
763,2022-10-28,surf_prevail,3,Linear,3,1
764,2022-11-06,surf_not_so_generated,3,Staged,10,3
765,2022-11-10,surf_techsune_css,4,Linear,4,1
766,2022-11-13,surf_kismet,2,Linear,5,2
767,2022-11-17,surf_rebel_scaz_ksf,1,Linear,3,1
768,2022-11-20,surf_north,6,Staged,5,4
769,2022-11-25,surf_grid_ksf,5,Staged,9,4
770,2022-11-28,surf_gary_barlow,5,Staged,2,2
771,2022-12-01,surf_not_so_sinister_ksf,2,Staged,5,3
772,2022-12-05,surf_prismatic_ksf,3,Linear,3,1
773,2022-12-12,surf_outside,3,Staged,10,5
774,2022-12-18,surf_listless_ksf,1,Staged,9,5
775,2023-01-02,surf_prosurf,7,Staged,5,5
776,2023-01-08,surf_rewind,5,Staged,6,4
777,2023-01-15,surf_fuckyall,4,Staged,3,1
778,2023-01-21,surf_quirky,2,Linear,3,9
779,2023-01-29,surf_endeavor,4,Staged,3,2
780,2023-02-05,surf_tensor2,7,Staged,8,6
781,2023-02-13,surf_frey_remake,2,Staged,3,2
782,2023-02-22,surf_outra,4,Linear,4,3
783,2023-03-01,surf_seaside,3,Staged,7,3
784,2023-03-15,surf_shibboleth,7,Staged,5,10
785,2023-03-27,surf_bumpybusride,3,Staged,3,1
786,2023-04-04,surf_damnation,5,Linear,4,3
787,2023-04-13,surf_chungus_fungus,6,Staged,14,6
788,2023-04-19,surf_not_so_prosurf,7,Staged,10,7
789,2023-04-26,surf_kvas,2,Linear,4,4
790,2023-05-03,surf_trance,1,Linear,5,1
791,2023-05-05,surf_jive,4,Linear,4,2
792,2023-05-09,surf_botanica,1,Staged,4,6
793,2023-05-12,surf_gigapede,7,Linear,7,6
794,2023-05-16,surf_the_internet,3,Staged,12,2
795,2023-05-18,surf_abandoned,2,Linear,6,4
796,2023-05-25,surf_not_quite_goliath,3,Linear,3,0
797,2023-05-31,surf_autumn_fix,2,Staged,5,2
798,2023-06-11,surf_perihelion,6,Linear,5,4
799,2023-06-14,surf_sketchy,3,Linear,3,3
800,2023-06-18,surf_hardline,7,Staged,5,4
801,2023-06-25,surf_hellenic,3,Linear,3,1
802,2023-07-02,surf_adrift_fix,4,Linear,5,1
803,2023-07-16,surf_jagerbomb,4,Staged,4,2
804,2023-07-22,surf_beyond2,1,Staged,5,2
805,2023-08-26,surf_indecisive,2,Linear,3,1
806,2023-09-02,surf_barbies_malibu_adventure,4,Staged,5,9
807,2023-09-15,surf_morbid2,4,Staged,6,2
808,2023-09-24,surf_kaaba,3,Staged,4,1
809,2023-10-01,surf_castlewalls,5,Staged,6,2
810,2023-10-09,surf_santorini2,4,Linear,5,1
811,2023-10-19,surf_smol,5,Staged,5,5
812,2023-11-01,surf_demise,1,Linear,3,1
813,2023-11-01,surf_everdark,2,Linear,3,0
814,2023-11-01,surf_executioner,3,Linear,5,2
815,2023-11-01,surf_ofrenda,3,Linear,4,6
816,2023-11-01,surf_sinner_ksf,3,Staged,3,4
817,2023-11-01,surf_spooky,2,Linear,3,0
818,2023-11-01,surf_threnody,3,Staged,3,2
819,2023-12-01,surf_medley_fix,4,Staged,7,4
820,2023-12-17,surf_artois,1,Staged,5,5
821,2023-12-23,surf_christmas3,3,Staged,8,1
822,2024-01-08,surf_diet_mountain_dew,6,Linear,3,2
823,2024-01-30,surf_rise,3,Linear,3,8
824,2024-02-05,surf_topology,7,Staged,10,0
825,2024-02-11,surf_boogie_woogie,2,Staged,4,6
826,2024-02-20,surf_ruse,7,Staged,6,10
827,2024-02-29,surf_sidistic,7,Linear,8,0
828,2024-03-14,surf_greek,2,Staged,7,3
829,2024-03-24,surf_selenka2,5,Staged,4,5
830,2024-04-01,surf_tempest4,3,Linear,4,7
831,2024-04-10,surf_vacant,6,Linear,6,2
832,2024-04-19,surf_santorini3,6,Staged,5,5
833,2024-04-19,surf_santorini_ksf,1,Staged,8,5